School,SchoolHyphen,Latitude,Longitude
ADMINISTRATIVE,ADMINISTRATIVE,41.88235794,-87.62813012
ADDAMS,ADDAMS,41.6987388,-87.53297604
AGASSIZ,AGASSIZ,41.9341263,-87.65622867
AIR FORCE HIGH SCHOOL,AIR-FORCE-HIGH-SCHOOL,41.82814532,-87.63275698
ALBANY PARK,ALBANY-PARK,41.97150444,-87.71060879
ALCOTT ELEMENTARY SCHOOL,ALCOTT-ELEMENTARY-SCHOOL,41.92984985,-87.64641314
ALCOTT HIGH SCHOOL,ALCOTT-HIGH-SCHOOL,41.93579456,-87.68056201
ALDRIDGE,ALDRIDGE,41.65740497,-87.60647385
AMUNDSEN HIGH SCHOOL,AMUNDSEN-HIGH-SCHOOL,41.97506726,-87.67948421
ARIEL,ARIEL,41.81117346,-87.59750293
ARMOUR,ARMOUR,41.83385391,-87.65065316
ARMSTRONG G,ARMSTRONG-G,42.01014998,-87.68444183
ASHBURN,ASHBURN,41.74235057,-87.70960968
ASHE,ASHE,41.74018379,-87.60117441
AUDUBON,AUDUBON,41.94506223,-87.68104105
AUSTIN CCA HIGH SCHOOL,AUSTIN-CCA-HIGH-SCHOOL,41.88599329,-87.76191637
AVALON PARK,AVALON-PARK,41.74824699,-87.59165381
AVONDALE-LOGANDALE,AVONDALE-LOGANDALE,41.9341418,-87.70787059
AZUELA,AZUELA,41.77107907,-87.73992023
BACK OF THE YARDS HIGH SCHOOL,BACK-OF-THE-YARDS-HIGH-SCHOOL,41.80841254,-87.67754137
BARNARD,BARNARD,41.70513101,-87.65807422
BARRY,BARRY,41.93251058,-87.73938835
BARTON,BARTON,41.75419385,-87.67092713
BASS,BASS,41.77424645,-87.65353242
BATEMAN,BATEMAN,41.95821984,-87.70215096
BEARD,BEARD,41.97012488,-87.78963033
BEASLEY,BEASLEY,41.79846496,-87.62569158
BEAUBIEN,BEAUBIEN,41.97239395,-87.75756504
BEETHOVEN,BEETHOVEN,41.80913476,-87.62713681
BEIDLER,BEIDLER,41.88532104,-87.70585481
BELDING,BELDING,41.95893849,-87.73401973
BELL,BELL,41.9495298,-87.68601824
BELMONT-CRAGIN,BELMONT-CRAGIN,41.92160396,-87.75795257
BENNETT,BENNETT,41.71043495,-87.61739046
BLACK,BLACK,41.72969236,-87.57664295
BLAINE,BLAINE,41.95078052,-87.66496784
BLAIR,BLAIR,41.77655627,-87.79060442
BOGAN HIGH SCHOOL,BOGAN-HIGH-SCHOOL,41.74937561,-87.72109745
BOND,BOND,41.76536057,-87.65301779
BOONE,BOONE,42.00341161,-87.69746282
BOUCHET,BOUCHET,41.76084748,-87.57607486
BOWEN HIGH SCHOOL,BOWEN-HIGH-SCHOOL,41.73462672,-87.55755003
BRADWELL,BRADWELL,41.75436513,-87.55714197
BRENNEMANN,BRENNEMANN,41.95998416,-87.64974917
BRENTANO,BRENTANO,41.9309661,-87.6962942
BRIDGE,BRIDGE,41.94911439,-87.79866892
BRIGHT,BRIGHT,41.69972622,-87.56208423
BRIGHTON PARK,BRIGHTON-PARK,41.8239,-87.69207693
BRONZEVILLE CLASSICAL,BRONZEVILLE-CLASSICAL,41.81991148,-87.62667806
BRONZEVILLE HIGH SCHOOL,BRONZEVILLE-HIGH-SCHOOL,41.80520417,-87.62500447
BROOKS HIGH SCHOOL,BROOKS-HIGH-SCHOOL,41.69276253,-87.61635261
BROWN R,BROWN-R,41.66487335,-87.63895773
BROWN W,BROWN-W,41.88299679,-87.67068239
BROWNELL,BROWNELL,41.77162036,-87.62174597
BRUNSON,BRUNSON,41.89766257,-87.76560566
BUDLONG,BUDLONG,41.97575433,-87.69655603
BURBANK,BURBANK,41.91759814,-87.78269957
BURKE,BURKE,41.79675956,-87.61614052
BURLEY,BURLEY,41.93793747,-87.66985312
BURNHAM,BURNHAM,41.71440206,-87.56713059
BURNSIDE,BURNSIDE,41.72848064,-87.60743532
BURR,BURR,41.91235791,-87.6686606
BURROUGHS,BURROUGHS,41.82886791,-87.69245663
BYRNE,BYRNE,41.79503097,-87.79154448
CALDWELL,CALDWELL,41.73922636,-87.58072903
CALMECA,CALMECA,41.82437733,-87.71165364
CAMERON,CAMERON,41.90379212,-87.71792664
CAMRAS,CAMRAS,41.93493062,-87.77012726
CANTY,CANTY,41.94800703,-87.8292957
CARDENAS,CARDENAS,41.84848777,-87.71601741
CARNEGIE,CARNEGIE,41.78336832,-87.59079501
CARROLL,CARROLL,41.74251663,-87.69601208
CARSON,CARSON,41.79327214,-87.68779954
CARTER,CARTER,41.78982791,-87.62245275
CARVER G,CARVER-G,41.65370212,-87.59951563
CARVER MILITARY HIGH SCHOOL,CARVER-MILITARY-HIGH-SCHOOL,41.65628995,-87.59062039
CASALS,CASALS,41.90450276,-87.71423365
CASSELL,CASSELL,41.68734706,-87.70321549
CATHER,CATHER,41.88294992,-87.69918701
CHALMERS,CHALMERS,41.86643525,-87.69525937
CHAPPELL,CHAPPELL,41.9758943,-87.68326359
CHASE,CHASE,41.91799265,-87.69456225
CHAVEZ,CHAVEZ,41.80714283,-87.66603693
CHICAGO ACADEMY ELEMENTARY SCHOOL,CHICAGO-ACADEMY-ELEMENTARY-SCHOOL,41.94305592,-87.7781868
CHICAGO ACADEMY HIGH SCHOOL,CHICAGO-ACADEMY-HIGH-SCHOOL,41.94305449,-87.77684657
CHICAGO AGRICULTURE HIGH SCHOOL,CHICAGO-AGRICULTURE-HIGH-SCHOOL,41.69122074,-87.71776967
CHICAGO MILITARY HIGH SCHOOL,CHICAGO-MILITARY-HIGH-SCHOOL,41.83055498,-87.61921554
CHICAGO VOCATIONAL HIGH SCHOOL,CHICAGO-VOCATIONAL-HIGH-SCHOOL,41.73717393,-87.57326752
CHOPIN,CHOPIN,41.89671269,-87.68893676
CHRISTOPHER,CHRISTOPHER,41.80165863,-87.685607
CLAREMONT,CLAREMONT,41.77751051,-87.6810612
CLARK ELEMENTARY SCHOOL,CLARK-ELEMENTARY-SCHOOL,41.86781257,-87.77041753
CLARK HIGH SCHOOL,CLARK-HIGH-SCHOOL,41.87288501,-87.75332487
CLAY,CLAY,41.65455815,-87.5446136
CLEMENTE HIGH SCHOOL,CLEMENTE-HIGH-SCHOOL,41.90262579,-87.68690615
CLEVELAND,CLEVELAND,41.95204212,-87.70644253
CLINTON,CLINTON,41.99254136,-87.69835995
CLISSOLD,CLISSOLD,41.69302601,-87.68089679
COLEMON,COLEMON,41.67750545,-87.65811084
COLES,COLES,41.74141281,-87.56596977
COLLINS HIGH SCHOOL,COLLINS-HIGH-SCHOOL,41.86414857,-87.70204159
COLUMBIA EXPLORERS,COLUMBIA-EXPLORERS,41.81106861,-87.70419859
COLUMBUS,COLUMBUS,41.89956578,-87.68193805
COOK,COOK,41.74523702,-87.65977459
COONLEY,COONLEY,41.9555532,-87.6837653
COOPER,COOPER,41.85603119,-87.66722708
CORKERY,CORKERY,41.84560242,-87.73119287
CORLISS HIGH SCHOOL,CORLISS-HIGH-SCHOOL,41.70665962,-87.60121588
COURTENAY,COURTENAY,41.96230777,-87.66385296
CRANE MEDICAL HIGH SCHOOL,CRANE-MEDICAL-HIGH-SCHOOL,41.87694744,-87.68330135
CROWN,CROWN,41.85266349,-87.71247015
CUFFE,CUFFE,41.74245163,-87.65363345
CULLEN,CULLEN,41.70033514,-87.61124446
CURIE HIGH SCHOOL,CURIE-HIGH-SCHOOL,41.80306021,-87.72204165
CURTIS,CURTIS,41.6854184,-87.62165261
DALEY,DALEY,41.80234287,-87.6722064
DARWIN,DARWIN,41.92332272,-87.70541291
DAVIS M,DAVIS-M,41.77122111,-87.66652988
DAVIS N,DAVIS-N,41.82185161,-87.70020216
DAWES,DAWES,41.74507775,-87.71735342
DE DIEGO,DE-DIEGO,41.90529385,-87.6857562
DECATUR,DECATUR,42.00928856,-87.70461859
DENEEN,DENEEN,41.76249026,-87.62334459
DEPRIEST,DEPRIEST,41.87797883,-87.76629755
DETT,DETT,41.87986982,-87.68031497
DEVER,DEVER,41.94255167,-87.81313153
DEVRY HIGH SCHOOL,DEVRY-HIGH-SCHOOL,41.94138764,-87.69076139
DEWEY,DEWEY,41.79564568,-87.64265158
DIRKSEN,DIRKSEN,41.97371478,-87.84104144
DISNEY,DISNEY,41.95681613,-87.64608274
DISNEY II ELEMENTARY SCHOOL,DISNEY-II-ELEMENTARY-SCHOOL,41.95046051,-87.73067838
DISNEY II HIGH SCHOOL,DISNEY-II-HIGH-SCHOOL,41.95248767,-87.72136351
DIXON,DIXON,41.74366924,-87.60997887
DOOLITTLE,DOOLITTLE,41.83112063,-87.61227454
DORE,DORE,41.78095446,-87.78760442
DOUGLASS HIGH SCHOOL,DOUGLASS-HIGH-SCHOOL,41.89036863,-87.76766846
DRAKE,DRAKE,41.84404331,-87.62855345
DRUMMOND,DRUMMOND,41.9159138,-87.6744946
DUBOIS,DUBOIS,41.65373298,-87.61432001
DULLES,DULLES,41.77990049,-87.61721418
DUNBAR HIGH SCHOOL,DUNBAR-HIGH-SCHOOL,41.84022557,-87.61763743
DUNNE,DUNNE,41.69649616,-87.6399736
DURKIN PARK,DURKIN-PARK,41.73884394,-87.72995529
DVORAK,DVORAK,41.85888345,-87.71574357
DYETT ARTS HIGH SCHOOL,DYETT-ARTS-HIGH-SCHOOL,41.80120417,-87.61223911
EARHART,EARHART,41.72610746,-87.58218174
EARLE,EARLE,41.78122517,-87.67554666
EBERHART,EBERHART,41.77442045,-87.70795263
EBINGER,EBINGER,42.00440792,-87.81116978
EDGEBROOK,EDGEBROOK,41.99943683,-87.76184047
EDISON,EDISON,41.9715061,-87.70930367
EDISON PARK,EDISON-PARK,41.99423795,-87.81377123
EDWARDS,EDWARDS,41.80554154,-87.72585618
ELLINGTON,ELLINGTON,41.88552958,-87.76658938
ENGLEWOOD STEM HIGH SCHOOL,ENGLEWOOD-STEM-HIGH-SCHOOL,41.77028021,-87.63602379
ERICSON,ERICSON,41.87574412,-87.71580443
ESMOND,ESMOND,41.68941961,-87.66915867
EVERETT,EVERETT,41.83155516,-87.6813103
EVERGREEN,EVERGREEN,41.82935562,-87.66781651
EVERS,EVERS,41.71566536,-87.63930547
FAIRFIELD,FAIRFIELD,41.7809039,-87.69211506
FALCONER,FALCONER,41.93578457,-87.74933063
FARADAY,FARADAY,41.87971359,-87.70809202
FARNSWORTH,FARNSWORTH,41.97979006,-87.76607166
FARRAGUT HIGH SCHOOL,FARRAGUT-HIGH-SCHOOL,41.84855987,-87.70870563
FENGER HIGH SCHOOL,FENGER-HIGH-SCHOOL,41.68995073,-87.63757205
FERNWOOD,FERNWOOD,41.71118362,-87.64041365
FIELD,FIELD,42.00966386,-87.6699854
FINKL,FINKL,41.84921491,-87.68566784
FISKE,FISKE,41.78518282,-87.6086329
FOREMAN HIGH SCHOOL,FOREMAN-HIGH-SCHOOL,41.93979677,-87.75416654
FORT DEARBORN,FORT-DEARBORN,41.72967267,-87.65548116
FOSTER PARK,FOSTER-PARK,41.73842548,-87.66809931
FRANKLIN,FRANKLIN,41.90659999,-87.63551281
FRAZIER PROSPECTIVE,FRAZIER-PROSPECTIVE,41.86697963,-87.72724438
FULLER,FULLER,41.8180034,-87.61178404
FULTON,FULTON,41.79758027,-87.66843588
FUNSTON,FUNSTON,41.91761651,-87.71689166
GAGE PARK HIGH SCHOOL,GAGE-PARK-HIGH-SCHOOL,41.79101284,-87.68895394
GALE,GALE,42.02109056,-87.67193898
GALILEO,GALILEO,41.87125482,-87.65336555
GALLISTEL,GALLISTEL,41.706801,-87.53517531
GARVEY,GARVEY,41.70660286,-87.64757717
GARVY,GARVY,41.97635166,-87.79623511
GARY,GARY,41.83706515,-87.71869664
GILLESPIE,GILLESPIE,41.72533228,-87.62371944
GOETHE,GOETHE,41.92283101,-87.6928997
GOODE HIGH SCHOOL,GOODE-HIGH-SCHOOL,41.7537498,-87.70734535
GOUDY,GOUDY,41.97581653,-87.65791249
GRAHAM ELEMENTARY SCHOOL,GRAHAM-ELEMENTARY-SCHOOL,41.81330373,-87.64334424
GRAHAM HIGH SCHOOL,GRAHAM-HIGH-SCHOOL,41.84967542,-87.62531482
GRAY,GRAY,41.94876358,-87.7571156
GREELEY,GREELEY,41.95280951,-87.65097987
GREEN,GREEN,41.71929195,-87.65250014
GREENE,GREENE,41.82966928,-87.67149237
GREGORY,GREGORY,41.87074216,-87.71866613
GRESHAM,GRESHAM,41.73892016,-87.64502524
GRIMES,GRIMES,41.77546426,-87.75880329
GRISSOM,GRISSOM,41.662481,-87.55330671
GUNSAULUS,GUNSAULUS,41.81300737,-87.69936419
HAINES,HAINES,41.84995832,-87.63380633
HALE,HALE,41.78019173,-87.77657871
HALEY,HALEY,41.68665997,-87.63363214
HAMILTON,HAMILTON,41.94521966,-87.67086537
HAMLINE,HAMLINE,41.80724156,-87.66117466
HAMMOND,HAMMOND,41.85271913,-87.6962433
HAMPTON,HAMPTON,41.75345719,-87.70873128
HANCOCK HIGH SCHOOL,HANCOCK-HIGH-SCHOOL,41.79146391,-87.72447046
HANSON PARK,HANSON-PARK,41.92395526,-87.76151477
HARLAN HIGH SCHOOL,HARLAN-HIGH-SCHOOL,41.71837235,-87.62062344
HARPER HIGH SCHOOL,HARPER-HIGH-SCHOOL,41.77512408,-87.6690893
HARTE,HARTE,41.79344724,-87.5868546
HARVARD,HARVARD,41.75734054,-87.63273687
HAUGAN,HAUGAN,41.96402871,-87.72312804
HAWTHORNE,HAWTHORNE,41.94227549,-87.65770888
HAY,HAY,41.89917136,-87.75581325
HAYT,HAYT,41.99454089,-87.66850377
HEALY,HEALY,41.83959486,-87.64034075
HEARST,HEARST,41.808175,-87.74572606
HEDGES,HEDGES,41.80711213,-87.67332726
HEFFERAN,HEFFERAN,41.87866465,-87.73580189
HENDERSON,HENDERSON,41.79059129,-87.67188731
HENDRICKS,HENDRICKS,41.81578775,-87.63366448
HENRY,HENRY,41.9589888,-87.71563237
HERNANDEZ,HERNANDEZ,41.79347933,-87.71136992
HERZL,HERZL,41.8620813,-87.71899385
HIBBARD,HIBBARD,41.97033524,-87.71036161
HIGGINS,HIGGINS,41.68103137,-87.64699404
HIRSCH HIGH SCHOOL,HIRSCH-HIGH-SCHOOL,41.75374796,-87.60172727
HITCH,HITCH,41.9836717,-87.77912305
HOLDEN,HOLDEN,41.83802739,-87.65379167
HOLMES,HOLMES,41.79378765,-87.64979536
HOWE,HOWE,41.89361221,-87.75939839
HOYNE,HOYNE,41.73333775,-87.5682281
HUBBARD HIGH SCHOOL,HUBBARD-HIGH-SCHOOL,41.78052639,-87.71801374
HUGHES C,HUGHES-C,41.86051774,-87.73177739
HUGHES L,HUGHES-L,41.70534232,-87.62986866
HURLEY,HURLEY,41.76678528,-87.71954083
HYDE PARK HIGH SCHOOL,HYDE-PARK-HIGH-SCHOOL,41.78225693,-87.58661501
INFINITY HIGH SCHOOL,INFINITY-HIGH-SCHOOL,41.83616882,-87.73527796
INTER-AMERICAN,INTER-AMERICAN,41.9490033,-87.65157334
IRVING,IRVING,41.87159549,-87.68361565
JACKSON A,JACKSON-A,41.87429964,-87.66098467
JACKSON M,JACKSON-M,41.73412547,-87.64676673
JAHN,JAHN,41.9392475,-87.67580972
JAMIESON,JAMIESON,41.98464078,-87.70052942
JEFFERSON HIGH SCHOOL,JEFFERSON-HIGH-SCHOOL,41.86783229,-87.68041755
JENSEN,JENSEN,41.87381495,-87.70224105
JOHNSON,JOHNSON,41.86183619,-87.70313876
JONES HIGH SCHOOL,JONES-HIGH-SCHOOL,41.87306592,-87.62767532
JOPLIN,JOPLIN,41.74933916,-87.66936565
JORDAN,JORDAN,42.01708759,-87.67776252
JUAREZ HIGH SCHOOL,JUAREZ-HIGH-SCHOOL,41.85267014,-87.66433931
JULIAN HIGH SCHOOL,JULIAN-HIGH-SCHOOL,41.70585894,-87.65374921
JUNGMAN,JUNGMAN,41.85806478,-87.65230159
KANOON,KANOON,41.85077148,-87.70511208
KELLER,KELLER,41.69717033,-87.69727834
KELLMAN,KELLMAN,41.87016772,-87.7021629
KELLOGG,KELLOGG,41.72526344,-87.67723251
KELLY HIGH SCHOOL,KELLY-HIGH-SCHOOL,41.81872906,-87.69463866
KELVYN PARK HIGH SCHOOL,KELVYN-PARK-HIGH-SCHOOL,41.9279184,-87.73599882
KENNEDY HIGH SCHOOL,KENNEDY-HIGH-SCHOOL,41.78996125,-87.78083976
KENWOOD HIGH SCHOOL,KENWOOD-HIGH-SCHOOL,41.80377212,-87.59042089
KERSHAW,KERSHAW,41.77645281,-87.64089203
KILMER,KILMER,42.00364046,-87.66822247
KING ELEMENTARY SCHOOL,KING-ELEMENTARY-SCHOOL,41.76533498,-87.64133454
KING HIGH SCHOOL,KING-HIGH-SCHOOL,41.81367545,-87.60387386
KINZIE,KINZIE,41.78996463,-87.7794826
KIPLING,KIPLING,41.72362691,-87.63952072
KOZMINSKI,KOZMINSKI,41.79800188,-87.60248145
LAKE VIEW HIGH SCHOOL,LAKE-VIEW-HIGH-SCHOOL,41.95476407,-87.66895269
LANE TECH HIGH SCHOOL,LANE-TECH-HIGH-SCHOOL,41.94664458,-87.69101263
LANGFORD,LANGFORD,41.78468086,-87.65716921
LARA,LARA,41.8097703,-87.67218159
LASALLE,LASALLE,41.91389953,-87.63756486
LASALLE II,LASALLE-II,41.90291446,-87.67369603
LAVIZZO,LAVIZZO,41.69626235,-87.62714769
LAWNDALE,LAWNDALE,41.86296002,-87.71295679
LEE,LEE,41.77530539,-87.72888429
LELAND,LELAND,41.87358678,-87.74927555
LENART,LENART,41.74718592,-87.62804036
LEWIS,LEWIS,41.90682605,-87.75454995
LIBBY,LIBBY,41.79768483,-87.65993282
LINCOLN,LINCOLN,41.92452482,-87.6444973
LINCOLN PARK HIGH SCHOOL,LINCOLN-PARK-HIGH-SCHOOL,41.91826831,-87.64600936
LINDBLOM HIGH SCHOOL,LINDBLOM-HIGH-SCHOOL,41.7820408,-87.67166185
LITTLE VILLAGE,LITTLE-VILLAGE,41.84369812,-87.71731895
LLOYD,LLOYD,41.9188141,-87.74851501
LOCKE J,LOCKE-J,41.93176235,-87.79560407
LORCA,LORCA,41.94002591,-87.72478312
LOVETT,LOVETT,41.91271803,-87.78391885
LOWELL,LOWELL,41.90651959,-87.710217
LOZANO,LOZANO,41.90888613,-87.66509327
LYON,LYON,41.93419216,-87.7771742
MADERO,MADERO,41.84095691,-87.70506426
MADISON,MADISON,41.75954806,-87.5907124
MANIERRE,MANIERRE,41.90824688,-87.63982651
MANLEY HIGH SCHOOL,MANLEY-HIGH-SCHOOL,41.87093896,-87.69989559
MANN,MANN,41.74827413,-87.57481564
MARINE LEADERSHIP AT AMES HIGH SCHOOL,MARINE-LEADERSHIP-AT-AMES-HIGH-SCHOOL,41.91604463,-87.72174232
MARQUETTE,MARQUETTE,41.77388108,-87.6970298
MARSH,MARSH,41.71658802,-87.55248343
MARSHALL HIGH SCHOOL,MARSHALL-HIGH-SCHOOL,41.87844409,-87.70805007
MASON,MASON,41.8568637,-87.73167243
MATHER HIGH SCHOOL,MATHER-HIGH-SCHOOL,41.98758868,-87.7024964
MAYER,MAYER,41.92320352,-87.65728744
MAYS,MAYS,41.7727275,-87.63727735
MCAULIFFE,MCAULIFFE,41.91481634,-87.72393113
MCCLELLAN,MCCLELLAN,41.82999286,-87.64110258
MCCORMICK,MCCORMICK,41.84226717,-87.70630009
MCCUTCHEON,MCCUTCHEON,41.97094908,-87.65475845
MCDADE,MCDADE,41.73454991,-87.61921444
MCDOWELL,MCDOWELL,41.73313231,-87.5895895
MCKAY,MCKAY,41.76814276,-87.6917865
MCNAIR,MCNAIR,41.89781907,-87.74673078
MCPHERSON,MCPHERSON,41.96784687,-87.67628825
MELODY,MELODY,41.87879893,-87.72466123
METCALFE,METCALFE,41.66944402,-87.63430552
MIRELES,MIRELES,41.73171692,-87.55278794
MITCHELL,MITCHELL,41.89208217,-87.68318459
MOLLISON,MOLLISON,41.81435828,-87.61661794
MONROE,MONROE,41.9299886,-87.71922375
MOOS,MOOS,41.91250548,-87.69694139
MORGAN PARK HIGH SCHOOL,MORGAN-PARK-HIGH-SCHOOL,41.69203501,-87.66565755
MORRILL,MORRILL,41.78431328,-87.68854926
MORTON,MORTON,41.88917814,-87.70510783
MOUNT GREENWOOD,MOUNT-GREENWOOD,41.69573386,-87.70580994
MOUNT VERNON,MOUNT-VERNON,41.70195212,-87.64765249
MOZART,MOZART,41.92090965,-87.72188814
MULTICULTURAL HIGH SCHOOL,MULTICULTURAL-HIGH-SCHOOL,41.83528187,-87.7352833
MURPHY,MURPHY,41.95007775,-87.71683186
MURRAY,MURRAY,41.79853549,-87.59334041
NASH,NASH,41.89180975,-87.74793588
NATIONAL TEACHERS,NATIONAL-TEACHERS,41.85279977,-87.62930833
NEIL,NEIL,41.7384066,-87.62093346
NETTELHORST,NETTELHORST,41.94163655,-87.64456122
NEW FIELD,NEW-FIELD,42.00770257,-87.67316833
NEW SULLIVAN,NEW-SULLIVAN,41.74382852,-87.54292761
NEWBERRY,NEWBERRY,41.91394722,-87.64599025
NICHOLSON,NICHOLSON,41.78494238,-87.64745284
NIGHTINGALE,NIGHTINGALE,41.79771438,-87.68913886
NINOS HEROES,NINOS-HEROES,41.74375308,-87.55186172
NIXON,NIXON,41.91958145,-87.73142009
NOBEL,NOBEL,41.90615515,-87.72995463
NORTH RIVER,NORTH-RIVER,41.96172106,-87.70715073
NORTH-GRAND HIGH SCHOOL,NORTH-GRAND-HIGH-SCHOOL,41.91167369,-87.73523756
NORTHSIDE LEARNING HIGH SCHOOL,NORTHSIDE-LEARNING-HIGH-SCHOOL,41.98297252,-87.72238622
NORTHSIDE PREP HIGH SCHOOL,NORTHSIDE-PREP-HIGH-SCHOOL,41.98131528,-87.7087078
NORTHWEST,NORTHWEST,41.92061097,-87.75792051
NORWOOD PARK,NORWOOD-PARK,41.98815251,-87.80297944
OGDEN ELEMENTARY SCHOOL,OGDEN-ELEMENTARY-SCHOOL,41.89997649,-87.62929657
OGDEN HIGH SCHOOL,OGDEN-HIGH-SCHOOL,41.89354764,-87.65940468
OGLESBY,OGLESBY,41.75467006,-87.6454695
OKEEFFE,OKEEFFE,41.76860231,-87.57280596
ONAHAN,ONAHAN,41.99379035,-87.79310826
ORIOLE PARK,ORIOLE-PARK,41.97850138,-87.81205404
OROZCO,OROZCO,41.85775481,-87.67521046
ORR HIGH SCHOOL,ORR-HIGH-SCHOOL,41.89454672,-87.72665959
ORTIZ DE DOMINGUEZ,ORTIZ-DE-DOMINGUEZ,41.83879052,-87.71719032
OTIS,OTIS,41.89180608,-87.66542624
OTOOLE,OTOOLE,41.77457107,-87.674865
OWEN,OWEN,41.74284992,-87.70574909
OWENS,OWENS,41.67061754,-87.62254566
PALMER,PALMER,41.97328939,-87.73921295
PARK MANOR,PARK-MANOR,41.76647654,-87.61154559
PARKER,PARKER,41.7707798,-87.63408586
PARKSIDE,PARKSIDE,41.76855519,-87.58295438
PASTEUR,PASTEUR,41.78689538,-87.73266646
PAYTON HIGH SCHOOL,PAYTON-HIGH-SCHOOL,41.90157517,-87.63538477
PEACE AND EDUCATION HIGH SCHOOL,PEACE-AND-EDUCATION-HIGH-SCHOOL,41.80351472,-87.66737777
PECK,PECK,41.78789897,-87.71921626
PEIRCE,PEIRCE,41.98345579,-87.66585004
PENN,PENN,41.85837242,-87.72238555
PEREZ,PEREZ,41.85602872,-87.65798013
PERSHING,PERSHING,41.83652695,-87.61833765
PETERSON,PETERSON,41.98155714,-87.71258258
PHILLIPS HIGH SCHOOL,PHILLIPS-HIGH-SCHOOL,41.82387997,-87.61979635
PHOENIX MILITARY HIGH SCHOOL,PHOENIX-MILITARY-HIGH-SCHOOL,41.87911823,-87.68696022
PICCOLO,PICCOLO,41.90013966,-87.7312606
PICKARD,PICKARD,41.8529004,-87.68329074
PILSEN,PILSEN,41.85884888,-87.66220943
PIRIE,PIRIE,41.74034023,-87.60789114
PLAMONDON,PLAMONDON,41.8602589,-87.69252575
POE,POE,41.70263,-87.60641917
PORTAGE PARK,PORTAGE-PARK,41.95698764,-87.761007
POWELL,POWELL,41.7603318,-87.55678925
PRESCOTT,PRESCOTT,41.9288411,-87.6695275
PRIETO,PRIETO,41.92131758,-87.76578057
PRITZKER,PRITZKER,41.90705301,-87.67776098
PROSSER HIGH SCHOOL,PROSSER-HIGH-SCHOOL,41.9200594,-87.76104832
PRUSSING,PRUSSING,41.96561907,-87.77241417
PULASKI,PULASKI,41.91848628,-87.68380143
PULLMAN,PULLMAN,41.68881935,-87.60943097
RABY HIGH SCHOOL,RABY-HIGH-SCHOOL,41.88621006,-87.71542312
RANDOLPH,RANDOLPH,41.76061413,-87.67596551
RAVENSWOOD,RAVENSWOOD,41.96074569,-87.67092242
RAY,RAY,41.79234788,-87.59475207
REAVIS,REAVIS,41.80417379,-87.60492543
REILLY,REILLY,41.94109399,-87.71954054
REINBERG,REINBERG,41.9430189,-87.76898262
REVERE,REVERE,41.76419587,-87.60017682
RICHARDS HIGH SCHOOL,RICHARDS-HIGH-SCHOOL,41.80288138,-87.66227785
RICHARDSON,RICHARDSON,41.78382632,-87.7254216
RICKOVER MILITARY HIGH SCHOOL,RICKOVER-MILITARY-HIGH-SCHOOL,41.98902071,-87.66578851
ROBINSON,ROBINSON,41.81734933,-87.59906677
ROGERS,ROGERS,42.01526505,-87.69718539
ROOSEVELT HIGH SCHOOL,ROOSEVELT-HIGH-SCHOOL,41.96482788,-87.71481862
RUDOLPH,RUDOLPH,41.88356817,-87.66947671
RUGGLES,RUGGLES,41.75194558,-87.61806645
RUIZ,RUIZ,41.84810094,-87.68074453
RYDER,RYDER,41.73537939,-87.6388427
SABIN,SABIN,41.90681581,-87.68304994
SADLOWSKI,SADLOWSKI,41.70489549,-87.52804557
SALAZAR,SALAZAR,41.90141653,-87.63363243
SANDOVAL,SANDOVAL,41.79234608,-87.71098733
SAUCEDO,SAUCEDO,41.84794072,-87.69731554
SAUGANASH,SAUGANASH,41.99116925,-87.74595144
SAWYER,SAWYER,41.7974982,-87.70500578
SAYRE,SAYRE,41.91415063,-87.79872071
SCAMMON,SCAMMON,41.9416776,-87.73217878
SCHMID,SCHMID,41.71698887,-87.59693188
SCHUBERT,SCHUBERT,41.93040332,-87.76119047
SCHURZ HIGH SCHOOL,SCHURZ-HIGH-SCHOOL,41.94636454,-87.73561211
SENN HIGH SCHOOL,SENN-HIGH-SCHOOL,41.98902854,-87.66713619
SEWARD,SEWARD,41.81033324,-87.66877201
SHERIDAN,SHERIDAN,41.84440016,-87.64133981
SHERMAN,SHERMAN,41.79976621,-87.65022145
SHERWOOD,SHERWOOD,41.79080024,-87.63227938
SHIELDS,SHIELDS,41.81590949,-87.68964724
SHIELDS MIDDLE,SHIELDS-MIDDLE,41.80649141,-87.68977977
SHOESMITH,SHOESMITH,41.80429402,-87.59390494
SHOOP,SHOOP,41.69091888,-87.65866905
SIMEON HIGH SCHOOL,SIMEON-HIGH-SCHOOL,41.74578123,-87.63541037
SIMPSON HIGH SCHOOL,SIMPSON-HIGH-SCHOOL,41.86436548,-87.66872223
SKINNER,SKINNER,41.87910254,-87.65941898
SKINNER NORTH,SKINNER-NORTH,41.90510912,-87.64484149
SMITH,SMITH,41.70755762,-87.60466041
SMYSER,SMYSER,41.95886804,-87.78197454
SMYTH,SMYTH,41.86535102,-87.65344503
SOCIAL JUSTICE HIGH SCHOOL,SOCIAL-JUSTICE-HIGH-SCHOOL,41.83350728,-87.73529947
SOLOMON,SOLOMON,41.99394233,-87.72404263
SOLORIO HIGH SCHOOL,SOLORIO-HIGH-SCHOOL,41.79520056,-87.71105882
SOR JUANA,SOR-JUANA,41.79007117,-87.72635
SOUTH LOOP,SOUTH-LOOP,41.86687451,-87.628615
SOUTH SHORE ELEMENTARY SCHOOL,SOUTH-SHORE-ELEMENTARY-SCHOOL,41.76775511,-87.5903961
SOUTH SHORE INTL HIGH SCHOOL,SOUTH-SHORE-INTL-HIGH-SCHOOL,41.75879166,-87.57635264
SOUTHSIDE HIGH SCHOOL,SOUTHSIDE-HIGH-SCHOOL,41.75985243,-87.67594677
SPENCER,SPENCER,41.8848764,-87.75044473
SPRY ELEMENTARY SCHOOL,SPRY-ELEMENTARY-SCHOOL,41.84774672,-87.70018447
SPRY HIGH SCHOOL,SPRY-HIGH-SCHOOL,41.84776169,-87.69894611
STAGG,STAGG,41.75892473,-87.64921669
STEINMETZ HIGH SCHOOL,STEINMETZ-HIGH-SCHOOL,41.93563359,-87.78351523
STEM,STEM,41.86857588,-87.66496913
STEVENSON,STEVENSON,41.74710688,-87.73166568
STOCK,STOCK,42.01689164,-87.81419465
STONE,STONE,41.99535905,-87.68479279
STOWE,STOWE,41.91193808,-87.7133175
SUDER,SUDER,41.88321452,-87.67763611
SULLIVAN HIGH SCHOOL,SULLIVAN-HIGH-SCHOOL,42.00268756,-87.66919215
SUMNER,SUMNER,41.87082838,-87.73352395
SUTHERLAND,SUTHERLAND,41.71144507,-87.67682117
SWIFT,SWIFT,41.98913906,-87.65829608
TAFT HIGH SCHOOL,TAFT-HIGH-SCHOOL,41.98296099,-87.79154725
TALCOTT,TALCOTT,41.89240461,-87.67372272
TALMAN,TALMAN,41.79404805,-87.69026084
TANNER,TANNER,41.76067264,-87.60679104
TARKINGTON,TARKINGTON,41.76440708,-87.70644465
TAYLOR,TAYLOR,41.71547038,-87.53297077
TELPOCHCALLI,TELPOCHCALLI,41.84794743,-87.69600588
THOMAS,THOMAS,41.82777491,-87.67754185
THORP J,THORP-J,41.73332424,-87.54427998
THORP O,THORP-O,41.94857131,-87.77763129
TILDEN HIGH SCHOOL,TILDEN-HIGH-SCHOOL,41.80751007,-87.64296648
TILL,TILL,41.77542384,-87.60935721
TILTON,TILTON,41.88410224,-87.73056638
TONTI,TONTI,41.78752323,-87.70817918
TURNER-DREW,TURNER-DREW,41.72560922,-87.63016448
TWAIN,TWAIN,41.7990464,-87.7589284
UPLIFT HIGH SCHOOL,UPLIFT-HIGH-SCHOOL,41.96554746,-87.65247335
VANDERPOEL,VANDERPOEL,41.72081703,-87.66555862
VAUGHN HIGH SCHOOL,VAUGHN-HIGH-SCHOOL,41.9603638,-87.76466317
VICK,VICK,41.68819084,-87.6856766
VOLTA,VOLTA,41.971634,-87.72460522
VON LINNE,VON-LINNE,41.94000928,-87.70263467
VON STEUBEN HIGH SCHOOL,VON-STEUBEN-HIGH-SCHOOL,41.97318505,-87.71338625
WACKER,WACKER,41.7161933,-87.64804432
WADSWORTH,WADSWORTH,41.7734779,-87.60101811
WALSH,WALSH,41.85483575,-87.64808617
WARD J,WARD-J,41.84398009,-87.63535579
WARD L,WARD-L,41.89323561,-87.71879729
WARREN,WARREN,41.72676291,-87.57535255
WASHINGTON G ELEMENTARY SCHOOL,WASHINGTON-G-ELEMENTARY-SCHOOL,41.68813148,-87.5360153
WASHINGTON H ELEMENTARY SCHOOL,WASHINGTON-H-ELEMENTARY-SCHOOL,41.72853414,-87.59625662
WASHINGTON HIGH SCHOOL,WASHINGTON-HIGH-SCHOOL,41.68813694,-87.5375703
WATERS,WATERS,41.9643654,-87.69133251
WEBSTER,WEBSTER,41.86991586,-87.72752437
WELLS ELEMENTARY SCHOOL,WELLS-ELEMENTARY-SCHOOL,41.82735527,-87.61977966
WELLS HIGH SCHOOL,WELLS-HIGH-SCHOOL,41.89899471,-87.66748287
WENTWORTH,WENTWORTH,41.7650759,-87.65820484
WEST PARK,WEST-PARK,41.90690721,-87.7324431
WEST RIDGE,WEST-RIDGE,42.002959,-87.70591721
WESTCOTT,WESTCOTT,41.74886823,-87.63475052
WESTINGHOUSE HIGH SCHOOL,WESTINGHOUSE-HIGH-SCHOOL,41.8899772,-87.70733231
WHISTLER,WHISTLER,41.68390701,-87.65538382
WHITE,WHITE,41.67230941,-87.65053854
WHITNEY,WHITNEY,41.84008043,-87.72554564
WHITTIER,WHITTIER,41.85048089,-87.67339165
WILDWOOD,WILDWOOD,42.00749067,-87.77834486
WILLIAMS HIGH SCHOOL,WILLIAMS-HIGH-SCHOOL,41.8061176,-87.62502998
WOODLAWN,WOODLAWN,41.77336553,-87.594392
WOODSON,WOODSON,41.8144988,-87.60841877
WORLD LANGUAGE HIGH SCHOOL,WORLD-LANGUAGE-HIGH-SCHOOL,41.83439662,-87.73529222
YATES,YATES,41.91503855,-87.70028031
YORK HIGH SCHOOL,YORK-HIGH-SCHOOL,41.84253335,-87.69526102
YOUNG ELEMENTARY SCHOOL,YOUNG-ELEMENTARY-SCHOOL,41.90679057,-87.76714285
YOUNG HIGH SCHOOL,YOUNG-HIGH-SCHOOL,41.87860253,-87.66423334
ZAPATA,ZAPATA,41.8413938,-87.73431332
